{
    "dimensions": 2,
    "size": [512,512],
    "bounds": [[-2,2],[-2,2]],
    "xforms": [
        {
            "weight": 0.25,
            "variations": [
                {"name":"spherical","weight":1.0}
            ],
            "pre_affine": {
                "A": [[-0.357523, 0.397446],
                      [0.774667, 0.674359]],
                "b": [-0.730708, -0.812876]
            }
        },
        {
            "weight": 0.25,
            "variations": [
                {"name":"spherical","weight":1.0}
            ],
            "pre_affine": {
                "A": [[-0.69942, -0.743472],
                      [0.141688, 0.475451]],
                "b": [-0.336206, 0.0958816]
            }
        },
        {
            "weight": 0.25,
            "variations": [
                {"name":"spherical","weight":1.0}
            ],
            "pre_affine": {
                "A": [[0.0738451, -0.635205],
                      [-0.349212, 0.262572]],
                "b": [-0.398985, -0.736904]
            }
        },
        {
            "weight": 0.25,
            "variations": [
                {"name":"spherical","weight":1.0}
            ],
            "pre_affine": {
                "A": [[0.992697, -0.427202],
                      [0.433488, -0.339112]],
                "b": [-0.507145, 0.120765]
            }
        }
    ]
}
